Popularidad,Tiempo de Crecimiento,Fondos recibidos (USD),Número de empleados,Años en el mercado,Evaluación del cliente,Ingresos anuales (USD),Número de usuarios,Seguidores en redes sociales,Nombre de la Startup_BabyCuy,Nombre de la Startup_Chazki,Nombre de la Startup_Crehana,Nombre de la Startup_Fandango (Cinepapaya),Nombre de la Startup_Favo,Nombre de la Startup_Fitco,Nombre de la Startup_Joinnus,Nombre de la Startup_Kashin,Nombre de la Startup_Manzana Verde,Nombre de la Startup_Mesa 24/7,Nombre de la Startup_Nanovida,Nombre de la Startup_Preauth.io,Nombre de la Startup_Qempo,Nombre de la Startup_Vetplace,Nombre de la Startup_Yaqua,Sector_E-commerce,Sector_Educación,Sector_Entretenimiento,Sector_Finanzas,Sector_Otros,Sector_Salud,Sector_Salud/Agricultura,Sector_Tecnología,Sector_Transporte,Región_Chiclayo,Región_Cusco,Región_Lima,Región_Trujillo
5,4,1792743,464,14,3.7,7907313,704550,795324,False,True,False,False,False,False,False,False,False,False,False,False,False,False,False,False,False,False,False,False,False,False,False,True,False,False,False,True
4,3,4404572,318,3,2.2,2804238,137330,31035,False,False,False,False,False,False,False,True,False,False,False,False,False,False,False,False,False,False,True,False,False,False,False,False,False,True,False,False
4,3,2334489,26,12,3.1,2730708,481754,996607,False,False,False,False,False,False,False,False,True,False,False,False,False,False,False,False,False,False,False,False,True,False,False,False,False,True,False,False
3,4,1670006,257,7,3.2,3594679,302648,376213,False,False,False,False,False,False,False,False,False,False,False,True,False,False,False,False,False,False,False,False,False,False,True,False,False,False,True,False
5,4,1236074,240,4,1.7,5617209,689519,839188,False,False,True,False,False,False,False,False,False,False,False,False,False,False,False,False,True,False,False,False,False,False,False,False,False,True,False,False
3,4,4144887,349,9,4.9,1867640,14986,351779,False,False,False,False,False,True,False,False,False,False,False,False,False,False,False,False,False,False,False,False,False,False,False,False,True,False,False,False
4,4,1339911,53,3,4.1,6823771,587146,914410,False,False,False,False,False,False,False,False,False,False,False,False,False,False,False,False,False,False,True,False,False,False,False,False,False,True,False,False
4,3,4572471,479,5,4.8,1385160,130312,822154,False,False,False,False,True,False,False,False,False,False,False,False,False,False,False,True,False,False,False,False,False,False,False,False,False,False,False,True
3,4,2238242,63,3,4.6,6180526,13666,602161,False,False,False,False,False,False,False,False,False,False,True,False,False,False,False,False,False,False,False,False,False,True,False,False,False,False,False,True
4,3,4623669,174,7,3.4,5273036,301804,997579,False,False,False,False,False,False,False,False,False,False,False,False,True,False,False,True,False,False,False,False,False,False,False,False,False,False,False,True
5,5,1866891,480,5,4.7,1525472,135633,648472,False,False,False,True,False,False,False,False,False,False,False,False,False,False,False,False,False,True,False,False,False,False,False,False,False,False,False,True
3,4,4621373,192,9,1.4,148984,289998,490070,False,False,False,False,False,False,False,False,False,False,False,False,False,False,True,False,False,False,False,True,False,False,False,False,True,False,False,False
4,3,3444769,468,7,1.8,6656168,851937,457051,False,False,False,False,False,False,True,False,False,False,False,False,False,False,False,False,False,True,False,False,False,False,False,False,False,False,False,False
3,4,891743,275,2,1.2,1604384,629776,273609,True,False,False,False,False,False,False,False,False,False,False,False,False,False,False,True,False,False,False,False,False,False,False,False,False,False,True,False
4,4,203355,194,4,2.3,2330919,708611,25038,False,False,False,False,False,False,False,False,False,True,False,False,False,False,False,False,False,False,False,False,False,False,True,False,False,False,False,True
3,3,1362752,450,9,2.6,7040119,285806,894998,False,False,False,False,False,False,False,False,False,False,False,False,False,True,False,True,False,False,False,False,False,False,False,False,False,True,False,False
