Nombre de la Startup,Sector,Popularidad,Tiempo de Crecimiento,Fondos recibidos (USD),Número de empleados,Años en el mercado,Región,Evaluación del cliente,Ingresos anuales (USD),Número de usuarios,Seguidores en redes sociales
Chazki,Transporte,5,4,1792743,464,14,Trujillo,3.7,7907313,704550,795324
Kashin,Finanzas,4,3,4404572,318,3,Cusco,2.2,2804238,137330,31035
Manzana Verde,Salud,4,3,2334489,26,12,Cusco,3.1,2730708,481754,996607
Preauth.io,Tecnología,3,4,1670006,257,7,Lima,3.2,3594679,302648,376213
Crehana,Educación,5,4,1236074,240,4,Cusco,1.7,5617209,689519,839188
Fitco,Deportes,3,4,4144887,349,9,Chiclayo,4.9,1867640,14986,351779
B89,Finanzas,4,4,1339911,53,3,Cusco,4.1,6823771,587146,914410
Favo,E-commerce,4,3,4572471,479,5,Trujillo,4.8,1385160,130312,822154
Nanovida,Salud/Agricultura,3,4,2238242,63,3,Trujillo,4.6,6180526,13666,602161
Qempo,E-commerce,4,3,4623669,174,7,Trujillo,3.4,5273036,301804,997579
Fandango (Cinepapaya),Entretenimiento,5,5,1866891,480,5,Trujillo,4.7,1525472,135633,648472
Yaqua,Otros,3,4,4621373,192,9,Chiclayo,1.4,148984,289998,490070
Joinnus,Entretenimiento,4,3,3444769,468,7,Arequipa,1.8,6656168,851937,457051
BabyCuy,E-commerce,3,4,891743,275,2,Lima,1.2,1604384,629776,273609
Mesa 24/7,Tecnología,4,4,203355,194,4,Trujillo,2.3,2330919,708611,25038
Vetplace,E-commerce,3,3,1362752,450,9,Cusco,2.6,7040119,285806,894998
